Category: All categories

Country,Biographical film: (12/17/11 - 12/17/16),Thriller Movies: (12/17/11 - 12/17/16)
United Arab Emirates,0,100
Cyprus,0,89
Pakistan,9,87
Nepal,0,85
Macedonia (FYROM),0,84
Qatar,0,81
India,16,79
Greece,0,71
Bangladesh,0,70
New Zealand,0,63
Philippines,7,57
Sri Lanka,0,51
Ireland,13,47
Australia,9,45
Croatia,0,41
Kuwait,0,40
Singapore,0,39
Serbia,0,38
Kenya,0,31
Norway,0,30
Canada,10,30
United Kingdom,11,28
South Africa,7,24
Malaysia,0,20
Sweden,0,18
Saudi Arabia,0,17
France,16,2
Netherlands,3,16
Denmark,0,14
Romania,0,14
United States,11,13
Belgium,8,11
Poland,10,2
Finland,0,10
Switzerland,0,9
Egypt,0,8
Russia,8,0
Hungary,0,8
Ukraine,7,0
Spain,6,2
Italy,6,3
Indonesia,4,4
Germany,3,4
Argentina,2,0
Thailand,0,2
Mexico,2,2
Turkey,2,1
Brazil,1,1
