Category: All categories

Country,The Shawshank Redemption: (5/6/15 - 6/15/15),Mad Max: Fury Road: (5/6/15 - 6/15/15)
Australia,0,100
New Zealand,0,89
Canada,5,78
Singapore,0,73
Ireland,0,72
United States,4,69
Croatia,0,69
United Arab Emirates,0,60
United Kingdom,3,56
France,0,53
Hungary,0,50
Norway,0,47
Malaysia,0,46
Romania,0,46
South Korea,0,45
Finland,0,41
Switzerland,0,41
Philippines,0,40
Serbia,0,39
Portugal,0,39
Mexico,0,37
Pakistan,0,37
Hong Kong,0,36
Sweden,0,36
South Africa,0,35
Belgium,0,35
Brazil,0,34
Czech Republic,0,33
Denmark,0,32
Chile,0,32
Austria,0,32
Italy,0,32
Poland,0,32
Greece,0,32
Russia,0,31
Spain,0,31
Thailand,0,31
India,2,30
Germany,0,28
Ukraine,0,28
Colombia,0,27
Argentina,0,26
Netherlands,0,23
Turkey,5,21
Taiwan,0,20
Peru,0,19
Venezuela,0,17
Indonesia,0,17
Vietnam,0,17
Japan,0,4
