Category: All categories

Country,The Shawshank Redemption: (9/1/15 - 11/15/15),Everest: (9/1/15 - 11/15/15)
Kazakhstan,0,100
New Zealand,0,97
Singapore,0,97
Ireland,0,90
Hungary,0,82
Romania,0,80
Ukraine,0,78
Spain,0,78
Poland,0,78
Belarus,0,74
Russia,11,72
Italy,0,71
Greece,0,70
Czech Republic,0,69
Australia,9,68
United Arab Emirates,0,67
Malaysia,0,61
United Kingdom,11,59
Switzerland,0,59
Indonesia,0,55
Canada,9,48
France,0,46
Austria,0,46
Sweden,0,46
India,7,45
Mexico,0,44
Pakistan,0,42
Chile,0,42
Philippines,0,42
Argentina,0,40
Portugal,0,40
Germany,6,40
Peru,0,39
Turkey,15,39
Belgium,0,36
United States,6,36
Venezuela,0,28
Netherlands,0,28
Colombia,0,24
Brazil,4,21
Thailand,0,21
Vietnam,0,10
Japan,4,5
