Category: All categories

Country,The Shawshank Redemption: (6/11/15 - 12/16/15),Inside Out: (6/11/15 - 12/16/15)
South Korea,0,100
Philippines,0,83
Hong Kong,0,77
Singapore,0,75
Kazakhstan,0,71
Russia,5,64
Italy,2,63
Puerto Rico,0,61
Moldova,0,56
New Zealand,0,52
United States,3,51
Israel,0,49
Belarus,0,49
Ireland,0,47
Australia,4,46
Canada,4,42
United Kingdom,5,40
Bulgaria,0,37
Portugal,0,36
Czech Republic,0,36
Ukraine,7,35
Malaysia,0,34
Denmark,0,34
Hungary,0,34
Slovakia,0,32
United Arab Emirates,0,32
Poland,4,32
Brazil,1,29
Romania,0,28
Greece,0,27
Belgium,0,25
Sweden,4,25
Thailand,2,25
Switzerland,0,22
Spain,1,21
Germany,2,21
Bangladesh,0,20
France,2,20
Austria,0,20
Finland,0,18
Croatia,0,18
Indonesia,0,18
Norway,0,17
South Africa,0,17
Japan,2,17
Saudi Arabia,0,17
Pakistan,0,17
Turkey,7,16
Netherlands,2,15
Egypt,0,15
Taiwan,5,15
Serbia,0,15
Vietnam,0,12
Iran,0,12
India,3,11
Mexico,2,10
Chile,0,9
Argentina,2,7
Venezuela,0,5
Colombia,0,5
