Category: All categories

Country,The Shawshank Redemption: (7/27/15 - 9/7/15),Mission: Impossible – Rogue Nation: (7/27/15 - 9/7/15)
Pakistan,0,100
United Arab Emirates,0,76
Singapore,0,75
Bangladesh,0,74
India,3,65
Morocco,0,64
Malaysia,0,50
Philippines,0,49
South Korea,0,47
Thailand,0,35
Indonesia,0,33
Canada,0,33
Vietnam,0,33
Israel,0,29
Ukraine,0,28
United States,3,28
Taiwan,0,27
Russia,5,26
Australia,0,24
Egypt,0,24
United Kingdom,7,23
Turkey,7,22
France,0,22
Sweden,0,19
Saudi Arabia,0,18
Italy,0,18
Netherlands,0,14
Spain,0,14
Germany,0,13
Mexico,0,12
Poland,0,12
Colombia,0,11
Argentina,0,11
Brazil,0,10
Japan,0,3
