Category: All categories

Country,The Shawshank Redemption: (10/26/14 - 12/9/14),Interstellar: (10/26/14 - 12/9/14)
Singapore,0,100
Taiwan,0,72
Belarus,0,71
Hong Kong,0,70
Russia,0,65
India,1,57
Kazakhstan,0,50
Ukraine,0,50
New Zealand,0,45
Hungary,0,45
Malaysia,0,45
United Arab Emirates,0,44
Australia,0,43
United States,1,41
Italy,0,41
Croatia,0,41
Romania,0,38
Ireland,0,38
Czech Republic,0,37
Canada,0,37
Philippines,0,34
Denmark,0,34
Serbia,0,33
United Kingdom,1,32
Sweden,0,32
Portugal,0,32
Slovakia,0,32
South Korea,0,30
Switzerland,0,30
Norway,0,30
Spain,0,30
Greece,0,30
France,0,30
Austria,0,29
Chile,0,29
Belgium,0,28
Finland,0,26
Poland,0,26
Germany,0,26
Egypt,0,25
Thailand,0,25
Bulgaria,0,25
Israel,0,24
Netherlands,0,21
Turkey,3,20
Pakistan,0,19
Bolivia,0,18
Peru,0,17
Mexico,0,17
South Africa,0,17
Indonesia,0,17
Colombia,0,16
Argentina,0,13
Brazil,0,12
Japan,0,11
Vietnam,0,5
