Category: All categories

Country,The Shawshank Redemption: (7/23/16 - 9/2/16),Suicide Squad: (7/23/16 - 9/2/16)
Kazakhstan,0,100
Kyrgyzstan,0,80
Belarus,0,78
Moldova,0,76
Russia,1,76
Ukraine,0,68
Philippines,0,65
Puerto Rico,0,52
Singapore,0,51
Malaysia,0,45
Latvia,0,42
Ireland,0,41
New Zealand,0,40
United States,1,40
Australia,0,40
Georgia,0,38
Canada,0,37
United Kingdom,1,37
Italy,0,36
Brazil,0,36
Taiwan,0,34
United Arab Emirates,0,31
Portugal,0,28
Lithuania,0,28
Mexico,0,28
Romania,0,27
Costa Rica,0,26
Hong Kong,0,26
Bangladesh,0,26
Norway,0,25
Ecuador,0,23
Indonesia,0,23
South Africa,0,23
France,0,22
Croatia,0,21
Bulgaria,0,21
Guatemala,0,21
Dominican Republic,0,21
Slovakia,0,20
Serbia,0,19
Chile,0,19
Sweden,0,19
Czech Republic,0,19
Greece,0,18
Hungary,0,18
Pakistan,0,18
Thailand,0,18
Austria,0,17
Switzerland,0,17
Finland,0,16
Colombia,0,16
Denmark,0,16
Turkey,1,16
Venezuela,0,16
India,1,16
Germany,0,15
Belgium,0,15
Peru,0,15
Netherlands,0,14
Egypt,0,14
Morocco,0,13
Argentina,0,13
Nigeria,0,13
Israel,0,12
Poland,1,12
Saudi Arabia,0,10
Spain,0,9
Algeria,0,9
South Korea,0,7
Vietnam,0,7
Iran,0,5
Japan,0,1
