Category: All categories

Country,The Shawshank Redemption: (7/20/13 - 8/20/13),The Wolverine: (7/20/13 - 8/20/13)
Kazakhstan,0,100
Singapore,0,71
Philippines,0,52
Russia,0,44
Ukraine,0,43
Pakistan,0,38
Malaysia,0,34
India,0,30
Romania,0,30
Mexico,0,28
Chile,0,27
Brazil,0,25
Canada,0,24
Thailand,0,24
Australia,0,23
United States,2,22
Colombia,0,22
Peru,0,21
Turkey,7,19
United Kingdom,4,18
Indonesia,0,17
Spain,0,17
Argentina,0,16
Vietnam,0,13
Netherlands,0,11
Germany,0,9
Poland,0,9
France,0,6
Italy,0,6
