Category: All categories

Country,The Shawshank Redemption: (7/9/15 - 8/12/15),Ant-Man: (7/9/15 - 8/12/15)
Singapore,0,100
Kazakhstan,0,75
Philippines,0,72
Malaysia,0,67
Belarus,0,66
Russia,0,60
Ukraine,0,59
Thailand,0,57
Indonesia,0,55
Hong Kong,0,53
United States,2,48
Ireland,0,42
Canada,0,42
New Zealand,0,42
Australia,0,41
United Arab Emirates,0,38
Mexico,0,37
United Kingdom,4,35
Vietnam,0,34
Peru,0,33
Romania,0,27
Israel,0,27
France,0,26
Brazil,0,25
Chile,0,24
India,2,23
Pakistan,0,22
Poland,0,22
Spain,0,19
Argentina,0,18
Sweden,0,18
Venezuela,0,18
Colombia,0,18
Taiwan,0,17
Turkey,4,16
Germany,0,13
Netherlands,0,13
Italy,0,10
