Category: All categories

Country,The Shawshank Redemption: (6/3/16 - 7/30/16),Now You See Me 2: (6/3/16 - 7/30/16)
Kazakhstan,0,100
Singapore,0,73
Russia,5,63
Belarus,0,61
Taiwan,0,60
Philippines,0,59
Ukraine,0,50
Thailand,0,47
Malaysia,0,44
United Arab Emirates,0,43
Romania,0,38
Indonesia,0,38
Israel,0,32
Hong Kong,0,32
Pakistan,0,29
Hungary,0,28
Canada,0,26
Australia,4,35
Turkey,8,23
India,3,23
Vietnam,0,23
Brazil,0,21
Italy,0,19
United Kingdom,3,14
United States,3,17
Egypt,0,17
Netherlands,0,12
France,2,49
Mexico,0,5
Germany,19,40
