Category: All categories

Country,The Shawshank Redemption: (2/7/16 - 3/5/16),Deadpool: (2/7/16 - 3/5/16)
Philippines,0,100
Singapore,0,97
Kazakhstan,0,82
Belarus,0,64
Malaysia,0,63
United States,2,59
United Arab Emirates,0,54
Ecuador,0,54
India,2,51
Romania,0,49
Russia,0,48
Canada,0,47
Ukraine,0,46
Australia,0,42
New Zealand,0,41
Ireland,0,41
Pakistan,0,39
Brazil,0,38
Peru,0,37
United Kingdom,2,36
Portugal,0,34
Indonesia,0,33
Mexico,0,32
Chile,0,32
South Africa,0,29
Taiwan,0,28
Hungary,0,27
Venezuela,0,23
Colombia,0,23
Argentina,0,19
Sweden,0,16
Italy,0,14
Poland,0,13
Netherlands,0,13
France,0,11
Turkey,5,11
Spain,0,10
Germany,0,10
Thailand,0,8
Vietnam,0,7
