Category: All categories

Country,Charlie Chaplin: (2014),Sasha Roiz: (2014)
Morocco,100,0
Brazil,89,0
France,79,0
Colombia,77,0
Iran,72,0
Switzerland,72,0
Bulgaria,70,0
Ecuador,65,0
Chile,62,0
Argentina,61,0
Portugal,58,0
Iraq,55,0
Norway,54,0
Pakistan,51,0
Mexico,51,0
India,51,0
Peru,48,0
Italy,48,0
Spain,47,0
United Arab Emirates,47,0
Austria,46,0
Belgium,45,0
Finland,44,0
Bolivia,43,0
Romania,42,0
Denmark,39,0
Sweden,37,0
Greece,36,0
Turkey,36,0
United Kingdom,35,0
Venezuela,35,0
Canada,34,0
Germany,34,0
Ireland,34,0
Israel,29,0
Hungary,28,0
Russia,28,0
Australia,28,0
Philippines,27,0
United States,27,1
Ukraine,26,0
South Africa,24,0
Egypt,22,0
Malaysia,22,0
Japan,21,0
Netherlands,20,0
Saudi Arabia,19,0
Vietnam,17,0
Poland,16,0
Indonesia,15,0
