Category: All categories

Country,Charlie Chaplin: (2013),Alan Taylor: (2013)
Morocco,100,0
Brazil,85,0
Colombia,71,0
Iran,67,0
Ecuador,62,0
Chile,60,0
France,58,0
Argentina,57,0
Portugal,53,0
Switzerland,52,0
Bulgaria,49,0
Mexico,46,0
India,45,0
Peru,44,0
Italy,43,0
Pakistan,39,0
Ireland,38,0
Spain,36,0
Sweden,36,0
Austria,35,0
Romania,34,0
Philippines,33,0
Russia,32,0
Belgium,32,0
Greece,32,0
Canada,32,0
Venezuela,32,0
Turkey,31,0
Denmark,31,0
United Kingdom,31,3
Hungary,29,0
Israel,29,0
Finland,28,0
United States,27,2
Australia,26,0
Germany,26,0
Ukraine,25,0
Egypt,23,0
Vietnam,21,0
Netherlands,20,0
Poland,19,0
Japan,18,0
Malaysia,17,0
Indonesia,15,0
