Category: All categories

Country,Charlie Chaplin: (2013),Morgan Freeman: (2013)
Morocco,100,0
Brazil,85,16
United States,27,75
Ireland,38,74
Colombia,71,26
Iran,67,0
Canada,32,65
Sweden,36,63
Ecuador,62,0
Chile,60,27
Norway,0,60
Australia,26,60
France,58,28
New Zealand,0,58
Argentina,57,29
United Kingdom,31,54
Denmark,31,54
Portugal,53,37
Switzerland,52,32
Netherlands,20,50
Bulgaria,49,0
Mexico,46,26
India,45,13
Hungary,29,45
Peru,44,20
Singapore,0,44
Italy,43,32
Spain,36,40
Pakistan,39,0
South Africa,0,36
Austria,35,27
Romania,34,33
Philippines,33,33
Russia,32,0
Belgium,32,31
Greece,32,28
Venezuela,32,25
Turkey,31,14
Finland,28,31
Israel,29,0
Germany,26,25
Ukraine,25,0
Egypt,23,0
Poland,19,23
Vietnam,21,0
Malaysia,17,19
Japan,18,0
Indonesia,15,8
